PRAGMA foreign_keys=OFF;
BEGIN TRANSACTION;
CREATE TABLE IF NOT EXISTS "django_migrations" ("id" integer NOT NULL PRIMARY KEY AUTOINCREMENT, "app" varchar(255) NOT NULL, "name" varchar(255) NOT NULL, "applied" datetime NOT NULL);
INSERT INTO django_migrations VALUES(1,'contenttypes','0001_initial','2024-12-25 13:45:04.809993');
INSERT INTO django_migrations VALUES(2,'auth','0001_initial','2024-12-25 13:45:05.067107');
INSERT INTO django_migrations VALUES(3,'admin','0001_initial','2024-12-25 13:45:05.293321');
INSERT INTO django_migrations VALUES(4,'admin','0002_logentry_remove_auto_add','2024-12-25 13:45:05.406557');
INSERT INTO django_migrations VALUES(5,'admin','0003_logentry_add_action_flag_choices','2024-12-25 13:45:05.556670');
INSERT INTO django_migrations VALUES(6,'contenttypes','0002_remove_content_type_name','2024-12-25 13:45:05.665353');
INSERT INTO django_migrations VALUES(7,'auth','0002_alter_permission_name_max_length','2024-12-25 13:45:05.773124');
INSERT INTO django_migrations VALUES(8,'auth','0003_alter_user_email_max_length','2024-12-25 13:45:05.926081');
INSERT INTO django_migrations VALUES(9,'auth','0004_alter_user_username_opts','2024-12-25 13:45:06.067037');
INSERT INTO django_migrations VALUES(10,'auth','0005_alter_user_last_login_null','2024-12-25 13:45:06.166347');
INSERT INTO django_migrations VALUES(11,'auth','0006_require_contenttypes_0002','2024-12-25 13:45:06.278645');
INSERT INTO django_migrations VALUES(12,'auth','0007_alter_validators_add_error_messages','2024-12-25 13:45:06.391991');
INSERT INTO django_migrations VALUES(13,'auth','0008_alter_user_username_max_length','2024-12-25 13:45:06.499221');
INSERT INTO django_migrations VALUES(14,'auth','0009_alter_user_last_name_max_length','2024-12-25 13:45:06.637348');
INSERT INTO django_migrations VALUES(15,'auth','0010_alter_group_name_max_length','2024-12-25 13:45:06.775858');
INSERT INTO django_migrations VALUES(16,'auth','0011_update_proxy_permissions','2024-12-25 13:45:06.897584');
INSERT INTO django_migrations VALUES(17,'auth','0012_alter_user_first_name_max_length','2024-12-25 13:45:07.004882');
INSERT INTO django_migrations VALUES(18,'data','0001_initial','2024-12-25 13:45:07.385222');
INSERT INTO django_migrations VALUES(19,'sessions','0001_initial','2024-12-25 13:45:07.605281');
CREATE TABLE IF NOT EXISTS "auth_group_permissions" ("id" integer NOT NULL PRIMARY KEY AUTOINCREMENT, "group_id" integer NOT NULL REFERENCES "auth_group" ("id") DEFERRABLE INITIALLY DEFERRED, "permission_id" integer NOT NULL REFERENCES "auth_permission" ("id") DEFERRABLE INITIALLY DEFERRED);
CREATE TABLE IF NOT EXISTS "auth_user_groups" ("id" integer NOT NULL PRIMARY KEY AUTOINCREMENT, "user_id" integer NOT NULL REFERENCES "auth_user" ("id") DEFERRABLE INITIALLY DEFERRED, "group_id" integer NOT NULL REFERENCES "auth_group" ("id") DEFERRABLE INITIALLY DEFERRED);
CREATE TABLE IF NOT EXISTS "auth_user_user_permissions" ("id" integer NOT NULL PRIMARY KEY AUTOINCREMENT, "user_id" integer NOT NULL REFERENCES "auth_user" ("id") DEFERRABLE INITIALLY DEFERRED, "permission_id" integer NOT NULL REFERENCES "auth_permission" ("id") DEFERRABLE INITIALLY DEFERRED);
CREATE TABLE IF NOT EXISTS "django_admin_log" ("id" integer NOT NULL PRIMARY KEY AUTOINCREMENT, "object_id" text NULL, "object_repr" varchar(200) NOT NULL, "action_flag" smallint unsigned NOT NULL CHECK ("action_flag" >= 0), "change_message" text NOT NULL, "content_type_id" integer NULL REFERENCES "django_content_type" ("id") DEFERRABLE INITIALLY DEFERRED, "user_id" integer NOT NULL REFERENCES "auth_user" ("id") DEFERRABLE INITIALLY DEFERRED, "action_time" datetime NOT NULL);
CREATE TABLE IF NOT EXISTS "django_content_type" ("id" integer NOT NULL PRIMARY KEY AUTOINCREMENT, "app_label" varchar(100) NOT NULL, "model" varchar(100) NOT NULL);
INSERT INTO django_content_type VALUES(1,'admin','logentry');
INSERT INTO django_content_type VALUES(2,'auth','permission');
INSERT INTO django_content_type VALUES(3,'auth','group');
INSERT INTO django_content_type VALUES(4,'auth','user');
INSERT INTO django_content_type VALUES(5,'contenttypes','contenttype');
INSERT INTO django_content_type VALUES(6,'sessions','session');
INSERT INTO django_content_type VALUES(7,'data','project');
INSERT INTO django_content_type VALUES(8,'data','user');
INSERT INTO django_content_type VALUES(9,'data','feedback');
INSERT INTO django_content_type VALUES(10,'data','task');
INSERT INTO django_content_type VALUES(11,'data','role');
INSERT INTO django_content_type VALUES(12,'data','notification');
CREATE TABLE IF NOT EXISTS "auth_permission" ("id" integer NOT NULL PRIMARY KEY AUTOINCREMENT, "content_type_id" integer NOT NULL REFERENCES "django_content_type" ("id") DEFERRABLE INITIALLY DEFERRED, "codename" varchar(100) NOT NULL, "name" varchar(255) NOT NULL);
INSERT INTO auth_permission VALUES(1,1,'add_logentry','Can add log entry');
INSERT INTO auth_permission VALUES(2,1,'change_logentry','Can change log entry');
INSERT INTO auth_permission VALUES(3,1,'delete_logentry','Can delete log entry');
INSERT INTO auth_permission VALUES(4,1,'view_logentry','Can view log entry');
INSERT INTO auth_permission VALUES(5,2,'add_permission','Can add permission');
INSERT INTO auth_permission VALUES(6,2,'change_permission','Can change permission');
INSERT INTO auth_permission VALUES(7,2,'delete_permission','Can delete permission');
INSERT INTO auth_permission VALUES(8,2,'view_permission','Can view permission');
INSERT INTO auth_permission VALUES(9,3,'add_group','Can add group');
INSERT INTO auth_permission VALUES(10,3,'change_group','Can change group');
INSERT INTO auth_permission VALUES(11,3,'delete_group','Can delete group');
INSERT INTO auth_permission VALUES(12,3,'view_group','Can view group');
INSERT INTO auth_permission VALUES(13,4,'add_user','Can add user');
INSERT INTO auth_permission VALUES(14,4,'change_user','Can change user');
INSERT INTO auth_permission VALUES(15,4,'delete_user','Can delete user');
INSERT INTO auth_permission VALUES(16,4,'view_user','Can view user');
INSERT INTO auth_permission VALUES(17,5,'add_contenttype','Can add content type');
INSERT INTO auth_permission VALUES(18,5,'change_contenttype','Can change content type');
INSERT INTO auth_permission VALUES(19,5,'delete_contenttype','Can delete content type');
INSERT INTO auth_permission VALUES(20,5,'view_contenttype','Can view content type');
INSERT INTO auth_permission VALUES(21,6,'add_session','Can add session');
INSERT INTO auth_permission VALUES(22,6,'change_session','Can change session');
INSERT INTO auth_permission VALUES(23,6,'delete_session','Can delete session');
INSERT INTO auth_permission VALUES(24,6,'view_session','Can view session');
INSERT INTO auth_permission VALUES(25,7,'add_project','Can add project');
INSERT INTO auth_permission VALUES(26,7,'change_project','Can change project');
INSERT INTO auth_permission VALUES(27,7,'delete_project','Can delete project');
INSERT INTO auth_permission VALUES(28,7,'view_project','Can view project');
INSERT INTO auth_permission VALUES(29,8,'add_user','Can add user');
INSERT INTO auth_permission VALUES(30,8,'change_user','Can change user');
INSERT INTO auth_permission VALUES(31,8,'delete_user','Can delete user');
INSERT INTO auth_permission VALUES(32,8,'view_user','Can view user');
INSERT INTO auth_permission VALUES(33,9,'add_feedback','Can add feedback');
INSERT INTO auth_permission VALUES(34,9,'change_feedback','Can change feedback');
INSERT INTO auth_permission VALUES(35,9,'delete_feedback','Can delete feedback');
INSERT INTO auth_permission VALUES(36,9,'view_feedback','Can view feedback');
INSERT INTO auth_permission VALUES(37,10,'add_task','Can add task');
INSERT INTO auth_permission VALUES(38,10,'change_task','Can change task');
INSERT INTO auth_permission VALUES(39,10,'delete_task','Can delete task');
INSERT INTO auth_permission VALUES(40,10,'view_task','Can view task');
INSERT INTO auth_permission VALUES(41,11,'add_role','Can add role');
INSERT INTO auth_permission VALUES(42,11,'change_role','Can change role');
INSERT INTO auth_permission VALUES(43,11,'delete_role','Can delete role');
INSERT INTO auth_permission VALUES(44,11,'view_role','Can view role');
INSERT INTO auth_permission VALUES(45,12,'add_notification','Can add notification');
INSERT INTO auth_permission VALUES(46,12,'change_notification','Can change notification');
INSERT INTO auth_permission VALUES(47,12,'delete_notification','Can delete notification');
INSERT INTO auth_permission VALUES(48,12,'view_notification','Can view notification');
CREATE TABLE IF NOT EXISTS "auth_group" ("id" integer NOT NULL PRIMARY KEY AUTOINCREMENT, "name" varchar(150) NOT NULL UNIQUE);
CREATE TABLE IF NOT EXISTS "auth_user" ("id" integer NOT NULL PRIMARY KEY AUTOINCREMENT, "password" varchar(128) NOT NULL, "last_login" datetime NULL, "is_superuser" bool NOT NULL, "username" varchar(150) NOT NULL UNIQUE, "last_name" varchar(150) NOT NULL, "email" varchar(254) NOT NULL, "is_staff" bool NOT NULL, "is_active" bool NOT NULL, "date_joined" datetime NOT NULL, "first_name" varchar(150) NOT NULL);
CREATE TABLE IF NOT EXISTS "data_project" ("project_id" integer NOT NULL PRIMARY KEY AUTOINCREMENT, "name" varchar(255) NOT NULL, "start_date" datetime NOT NULL, "end_date" datetime NOT NULL, "status" varchar(100) NOT NULL, "description" text NOT NULL, "updated_at" datetime NOT NULL);
CREATE TABLE IF NOT EXISTS "data_user" ("user_id" integer NOT NULL PRIMARY KEY AUTOINCREMENT, "username" varchar(255) NOT NULL, "email" varchar(254) NOT NULL UNIQUE, "password" varchar(255) NOT NULL, "phone_number" varchar(20) NOT NULL, "created_at" datetime NOT NULL, "updated_at" datetime NOT NULL, "bio" text NULL);
CREATE TABLE IF NOT EXISTS "data_feedback" ("feedback_id" integer NOT NULL PRIMARY KEY AUTOINCREMENT, "text" text NOT NULL, "user_id" integer NOT NULL REFERENCES "data_user" ("user_id") DEFERRABLE INITIALLY DEFERRED);
CREATE TABLE IF NOT EXISTS "data_feedback_project" ("id" integer NOT NULL PRIMARY KEY AUTOINCREMENT, "feedback_id" integer NOT NULL REFERENCES "data_feedback" ("feedback_id") DEFERRABLE INITIALLY DEFERRED, "project_id" integer NOT NULL REFERENCES "data_project" ("project_id") DEFERRABLE INITIALLY DEFERRED);
CREATE TABLE IF NOT EXISTS "data_task" ("task_id" integer NOT NULL PRIMARY KEY AUTOINCREMENT, "task_name" varchar(255) NOT NULL, "task_description" text NOT NULL, "feedbacks_id" integer NULL REFERENCES "data_feedback" ("feedback_id") DEFERRABLE INITIALLY DEFERRED, "project_id" integer NOT NULL REFERENCES "data_project" ("project_id") DEFERRABLE INITIALLY DEFERRED);
CREATE TABLE IF NOT EXISTS "data_task_users" ("id" integer NOT NULL PRIMARY KEY AUTOINCREMENT, "task_id" integer NOT NULL REFERENCES "data_task" ("task_id") DEFERRABLE INITIALLY DEFERRED, "user_id" integer NOT NULL REFERENCES "data_user" ("user_id") DEFERRABLE INITIALLY DEFERRED);
CREATE TABLE IF NOT EXISTS "data_role" ("role_id" integer NOT NULL PRIMARY KEY AUTOINCREMENT, "role_name" varchar(255) NOT NULL, "users_id" integer NOT NULL REFERENCES "data_user" ("user_id") DEFERRABLE INITIALLY DEFERRED);
CREATE TABLE IF NOT EXISTS "data_project_users" ("id" integer NOT NULL PRIMARY KEY AUTOINCREMENT, "project_id" integer NOT NULL REFERENCES "data_project" ("project_id") DEFERRABLE INITIALLY DEFERRED, "user_id" integer NOT NULL REFERENCES "data_user" ("user_id") DEFERRABLE INITIALLY DEFERRED);
CREATE TABLE IF NOT EXISTS "data_notification" ("notification_id" integer NOT NULL PRIMARY KEY AUTOINCREMENT, "message" text NOT NULL, "is_read" bool NOT NULL);
CREATE TABLE IF NOT EXISTS "data_notification_feedbacks" ("id" integer NOT NULL PRIMARY KEY AUTOINCREMENT, "notification_id" integer NOT NULL REFERENCES "data_notification" ("notification_id") DEFERRABLE INITIALLY DEFERRED, "feedback_id" integer NOT NULL REFERENCES "data_feedback" ("feedback_id") DEFERRABLE INITIALLY DEFERRED);
CREATE TABLE IF NOT EXISTS "data_notification_projects" ("id" integer NOT NULL PRIMARY KEY AUTOINCREMENT, "notification_id" integer NOT NULL REFERENCES "data_notification" ("notification_id") DEFERRABLE INITIALLY DEFERRED, "project_id" integer NOT NULL REFERENCES "data_project" ("project_id") DEFERRABLE INITIALLY DEFERRED);
CREATE TABLE IF NOT EXISTS "data_notification_tasks" ("id" integer NOT NULL PRIMARY KEY AUTOINCREMENT, "notification_id" integer NOT NULL REFERENCES "data_notification" ("notification_id") DEFERRABLE INITIALLY DEFERRED, "task_id" integer NOT NULL REFERENCES "data_task" ("task_id") DEFERRABLE INITIALLY DEFERRED);
CREATE TABLE IF NOT EXISTS "data_notification_users" ("id" integer NOT NULL PRIMARY KEY AUTOINCREMENT, "notification_id" integer NOT NULL REFERENCES "data_notification" ("notification_id") DEFERRABLE INITIALLY DEFERRED, "user_id" integer NOT NULL REFERENCES "data_user" ("user_id") DEFERRABLE INITIALLY DEFERRED);
CREATE TABLE IF NOT EXISTS "django_session" ("session_key" varchar(40) NOT NULL PRIMARY KEY, "session_data" text NOT NULL, "expire_date" datetime NOT NULL);
DELETE FROM sqlite_sequence;
INSERT INTO sqlite_sequence VALUES('django_migrations',19);
INSERT INTO sqlite_sequence VALUES('django_admin_log',0);
INSERT INTO sqlite_sequence VALUES('django_content_type',12);
INSERT INTO sqlite_sequence VALUES('auth_permission',48);
INSERT INTO sqlite_sequence VALUES('auth_group',0);
INSERT INTO sqlite_sequence VALUES('auth_user',0);
CREATE UNIQUE INDEX "auth_group_permissions_group_id_permission_id_0cd325b0_uniq" ON "auth_group_permissions" ("group_id", "permission_id");
CREATE INDEX "auth_group_permissions_group_id_b120cbf9" ON "auth_group_permissions" ("group_id");
CREATE INDEX "auth_group_permissions_permission_id_84c5c92e" ON "auth_group_permissions" ("permission_id");
CREATE UNIQUE INDEX "auth_user_groups_user_id_group_id_94350c0c_uniq" ON "auth_user_groups" ("user_id", "group_id");
CREATE INDEX "auth_user_groups_user_id_6a12ed8b" ON "auth_user_groups" ("user_id");
CREATE INDEX "auth_user_groups_group_id_97559544" ON "auth_user_groups" ("group_id");
CREATE UNIQUE INDEX "auth_user_user_permissions_user_id_permission_id_14a6b632_uniq" ON "auth_user_user_permissions" ("user_id", "permission_id");
CREATE INDEX "auth_user_user_permissions_user_id_a95ead1b" ON "auth_user_user_permissions" ("user_id");
CREATE INDEX "auth_user_user_permissions_permission_id_1fbb5f2c" ON "auth_user_user_permissions" ("permission_id");
CREATE INDEX "django_admin_log_content_type_id_c4bce8eb" ON "django_admin_log" ("content_type_id");
CREATE INDEX "django_admin_log_user_id_c564eba6" ON "django_admin_log" ("user_id");
CREATE UNIQUE INDEX "django_content_type_app_label_model_76bd3d3b_uniq" ON "django_content_type" ("app_label", "model");
CREATE UNIQUE INDEX "auth_permission_content_type_id_codename_01ab375a_uniq" ON "auth_permission" ("content_type_id", "codename");
CREATE INDEX "auth_permission_content_type_id_2f476e4b" ON "auth_permission" ("content_type_id");
CREATE INDEX "data_feedback_user_id_32a27bc0" ON "data_feedback" ("user_id");
CREATE UNIQUE INDEX "data_feedback_project_feedback_id_project_id_4e378d51_uniq" ON "data_feedback_project" ("feedback_id", "project_id");
CREATE INDEX "data_feedback_project_feedback_id_195b45fd" ON "data_feedback_project" ("feedback_id");
CREATE INDEX "data_feedback_project_project_id_3b13f9a3" ON "data_feedback_project" ("project_id");
CREATE INDEX "data_task_feedbacks_id_8b1df034" ON "data_task" ("feedbacks_id");
CREATE INDEX "data_task_project_id_3fee54ba" ON "data_task" ("project_id");
CREATE UNIQUE INDEX "data_task_users_task_id_user_id_9c835e27_uniq" ON "data_task_users" ("task_id", "user_id");
CREATE INDEX "data_task_users_task_id_afd514b1" ON "data_task_users" ("task_id");
CREATE INDEX "data_task_users_user_id_8a4e4c1b" ON "data_task_users" ("user_id");
CREATE INDEX "data_role_users_id_02503ae4" ON "data_role" ("users_id");
CREATE UNIQUE INDEX "data_project_users_project_id_user_id_e8eda5f4_uniq" ON "data_project_users" ("project_id", "user_id");
CREATE INDEX "data_project_users_project_id_9cc8905d" ON "data_project_users" ("project_id");
CREATE INDEX "data_project_users_user_id_c623c11f" ON "data_project_users" ("user_id");
CREATE UNIQUE INDEX "data_notification_feedbacks_notification_id_feedback_id_280bfbd3_uniq" ON "data_notification_feedbacks" ("notification_id", "feedback_id");
CREATE INDEX "data_notification_feedbacks_notification_id_791c9a11" ON "data_notification_feedbacks" ("notification_id");
CREATE INDEX "data_notification_feedbacks_feedback_id_32d0027f" ON "data_notification_feedbacks" ("feedback_id");
CREATE UNIQUE INDEX "data_notification_projects_notification_id_project_id_321b7fcb_uniq" ON "data_notification_projects" ("notification_id", "project_id");
CREATE INDEX "data_notification_projects_notification_id_d41c68c7" ON "data_notification_projects" ("notification_id");
CREATE INDEX "data_notification_projects_project_id_fc865c5a" ON "data_notification_projects" ("project_id");
CREATE UNIQUE INDEX "data_notification_tasks_notification_id_task_id_29fd28bb_uniq" ON "data_notification_tasks" ("notification_id", "task_id");
CREATE INDEX "data_notification_tasks_notification_id_19a1a0ee" ON "data_notification_tasks" ("notification_id");
CREATE INDEX "data_notification_tasks_task_id_9996075f" ON "data_notification_tasks" ("task_id");
CREATE UNIQUE INDEX "data_notification_users_notification_id_user_id_7a7790ee_uniq" ON "data_notification_users" ("notification_id", "user_id");
CREATE INDEX "data_notification_users_notification_id_ac1a49ab" ON "data_notification_users" ("notification_id");
CREATE INDEX "data_notification_users_user_id_104feaab" ON "data_notification_users" ("user_id");
CREATE INDEX "django_session_expire_date_a5c62663" ON "django_session" ("expire_date");
COMMIT;
